<?xml version="1.0" encoding="utf-8"?>
<templates>

<t t-name="web_studio.NewViewDialog">
  <Dialog size="'md'" title="title">
    <div class="o_web_studio_new_view_dialog">
      <div class="o_web_studio_select">
        <label for="date_start">Start Date Field</label>
        <select name="date_start" class="o_input" t-model="fieldsChoice.date_start">
          <option t-foreach="dateFields" t-as="field" t-att-value="field.name" t-key="field.name">
            <t t-esc="field.string"/><span t-if="env.debug"> (<t t-esc="field.name"/>)</span>
          </option>
        </select>
      </div>

      <div class="o_web_studio_select">
        <label for="date_stop">Stop Date Field</label>
        <select name="date_stop" class="o_input" t-model="fieldsChoice.date_stop">
          <option t-if="!mandatoryStopDate" />
          <option t-foreach="dateFields" t-as="field" t-att-value="field.name" t-key="field.name">
            <t t-esc="field.string"/><span t-if="env.debug"> (<t t-esc="field.name"/>)</span>
          </option>
        </select>
      </div>
    </div>
    <t t-set-slot="footer">
      <button class="btn btn-primary" t-on-click="_confirm">
        Activate View
      </button>
      <button class="btn btn-secondary" t-on-click="_cancel">
        Cancel
      </button>
    </t>
  </Dialog>
</t>

</templates>