<?xml version="1.0" encoding="utf-8"?>
<odoo><data noupdate="1">

    <record id="documents_marketing_brand1_folder" model="documents.folder" forcecreate="0">
        <field name="parent_folder_id" ref="documents_marketing_folder"/>
        <field name="name">Brand 1</field>
    </record>

     <record id="documents_marketing_brand2_folder" model="documents.folder" forcecreate="0">
        <field name="parent_folder_id" ref="documents_marketing_folder"/>
        <field name="name">Brand 2</field>
    </record>

</data></odoo>
