<?xml version="1.0" encoding="utf-8"?>
<templates>

<t t-name="web_studio.ActionEditor">
  <div class="o_web_studio_action_editor d-flex flex-row justify-content-center h-100 w-100 overflow-auto">
      <t t-call="web_studio.ActionEditor.Sidebar" />
      <t t-call="web_studio.ActionEditor.ViewsDashboard" />
  </div>
</t>

<t t-name="web_studio.ActionEditor.Sidebar">
  <div class="o_web_studio_sidebar flex-grow-0 flex-shrink-0 overflow-auto h-100">
      <div class="o_web_studio_sidebar_content d-flex flex-column" style="gap: 2px;">
        <Record t-props="actionRecordProps" t-slot-scope="data" >
          <t t-set="record" t-value="data.record" />
          <div class="w-100">
            <label for="name" class="mb-1">Action's title</label>
            <CharField name="'name'" record="record" id="'name'"/>
          </div>
          <div class="w-100">
            <label for="help" class="mb-1">Empty List Message</label>
            <div class="o_web_studio_field_code">
              <TextField name="'help'" record="record" id="'help'"/>
            </div>
          </div>
          <div class="w-100">
            <label for="groups_id" class="mb-1">Limit visibility to groups</label>
            <div class="o_field_widget o_field_many2many_tags" name="groups_id">
              <Many2ManyTagsField id="'groups_id'" name="'groups_id'" record="record"/>
            </div>
          </div>
        </Record>
        <div t-if="env.debug" class="o_web_studio_sidebar_toolbox w-100">
          <button class="btn btn-secondary btn-lg o_web_studio_parameters" t-on-click="openFormAction"><i class="fa fa-cog me-1"/>More</button>
        </div>
      </div>
    </div>
</t>

<t t-name="web_studio.ActionEditor.ViewsDashboard">
  <div class="o_web_studio_views p-5" >
    <div class="grid w-75 justify-content-center" style="grid-template-columns: repeat(auto-fit, minmax(400px, 35%)); gap: 40px;">
      <t t-foreach="viewCategories" t-as="category" t-key="category" >
        <div class="o_web_studio_view_category" t-att-name="category">
            <h6><strong t-esc="category_value.title"/></h6>
            <div class="grid" style="grid-template-columns: repeat(3, 115px); gap: 20px;">
              <t t-foreach="getOrderedViewTypes(category_value.viewTypes)" t-as="viewInfo" t-key="viewInfo.name">
                <t t-call="web_studio.ActionEditor.ViewsDashboard.ViewThumbnail"/>
              </t>
            </div>
        </div>
      </t>
    </div>
  </div>
</t>

<t t-name="web_studio.ActionEditor.ViewsDashboard.ViewThumbnail">
    <div t-attf-class="o_web_studio_view_type flex-column {{!viewInfo.isActive ? 'o_web_studio_inactive' : ''}}" t-att-data-type="viewInfo.name">
      <div class="o_web_studio_thumbnail w-100" t-on-click="() => this.onThumbnailClicked(viewInfo.name)">
          <span t-if="!viewInfo.isActive" class="o_web_studio_view_label">Activate View</span>
          <span t-if="viewInfo.isDefault" class="o_web_studio_default_view fa-stack fa-sm position-absolute end-0" role="img" aria-label="Default view" title="Default view">
              <i class="fa fa-circle fa-stack-2x"></i>
              <i class="fa fa-home fa-stack-1x"></i>
          </span>
          <img t-att-src="viewInfo.imgUrl" t-attf-alt="View {{ viewInfo.title }}"/>
      </div>
      <div class="d-flex w-100 justify-content-between align-items-center p-2">
        <div class="o_web_studio_name" t-esc="viewInfo.title"/>
        <t t-call="web_studio.ActionEditor.ViewsDashboard.ViewThumbnail.Dropdown" t-if="viewInfo.isActive">
          <t t-set="viewInfo" t-value="viewInfo" />
        </t>
    </div>
  </div>
</t>

<t t-name="web_studio.ActionEditor.ViewsDashboard.ViewThumbnail.Dropdown">
  <Dropdown t-if="viewInfo.canBeDefault or viewInfo.canBeDisabled" togglerClass="'o_web_studio_more'">
    <t t-set-slot="toggler">
      <i class="fa fa-ellipsis-v" /> 
    </t>
    <DropdownItem t-if="viewInfo.canBeDefault" onSelected="() => this.setDefaultView(viewInfo.name)" href="'#'" class="viewInfo.isDefault ? 'pe-none opacity-50' : ''" dataset="{ action: 'set_default_view' }">
      <i t-if="viewInfo.isDefault" class="fa fa-check" role="img" aria-label="Is default view" title="Is default view"/>
      Set As Default
    </DropdownItem>
    <div t-if="viewInfo.canBeDefault and viewInfo.canBeDisabled" class="dropdown-divider" role="separator"/>
    <DropdownItem t-if="env.debug" onSelected="() => this.restoreDefaultView(viewInfo.name)" href="'#'" dataset="{ action: 'restore_default_view' }">
       Restore Default View
    </DropdownItem>
    <DropdownItem t-if="viewInfo.canBeDisabled" onSelected="() => this.disableView(viewInfo.name)" dataset="{ action: 'disable_view' }">
      Disable View
    </DropdownItem>
  </Dropdown>
</t>
</templates>
