<?xml version="1.0" encoding="utf-8"?>
<templates>

  <t t-name="web_studio.ViewEditor.ViewToolbox">
    <div
      t-if="env.debug"
      class="o_web_studio_sidebar_toolbox d-flex flex-wrap border-top pt-3 mt-4 gap-2 border-secondary"
    >
      <button
        class="o_web_studio_parameters btn btn-secondary btn-lg w-30"
        t-on-click="() => props.onMore()"
      >
        <i class="fa fa-cog me-2"/>More
      </button>
      <button t-if="props.canEditXml"
        class="o_web_studio_open_xml_editor btn btn-secondary btn-lg"
        t-on-click="() => env.viewEditorModel.switchMode()"
      >
        <i class="fa fa-code me-2"/>XML
      </button>
      <button t-if="props.canEditDefaultValues" class="o_web_studio_defaults btn btn-secondary btn-lg" t-on-click="props.openDefaultValues">
        Default Values
      </button>
      <button
        class="o_web_studio_restore btn btn-danger btn-lg mt-0 w-100"
        t-on-click="() => env.editionFlow.restoreDefaultView(env.viewEditorModel.mainView.id)"
      >
        Restore Default View
      </button>
    </div>
  </t>

  <t t-name="web_studio.ViewEditor.ShowInvisibleToggler">
    <div class="o_web_studio_sidebar_checkbox">
      <div class="form-check">
        <input type="checkbox" id="show_invisible" class="form-check-input"
          t-model="env.viewEditorModel.showInvisible" />
        <label for="show_invisible" class="form-check-label">Show Invisible Elements</label>
      </div>
    </div>
  </t>

</templates>
