<?xml version="1.0" encoding="utf-8" ?>
<templates>
    <t t-name="web_studio.ViewStructures.GenericComponent">
        <t t-set="hasDescription" t-value="hasDescription !== undefined ? hasDescription : true" />
        <div class="o_web_studio_component o-draggable" t-attf-class="{{ 'o_web_studio_field_' + component.classType }}" t-att-data-structure="structure" t-att-data-drop="component.dropData">
            <t t-esc="component.string" />
            <div t-if="hasDescription" class="o_web_studio_component_description" t-esc="component.name" />
        </div>
    </t>

    <t t-name="web_studio.ViewStructures.ExistingFields">
        <h3 class="o_web_studio_existing_fields_header text-white" role="button" t-on-click="() => state.folded = !state.folded">
            Existing Fields
            <i class="fa ms-2" t-attf-class="{{ state.folded ? 'fa-caret-right' : 'fa-caret-down' }}" />
        </h3>
        <div class="o_web_studio_existing_fields_section" t-if="!state.folded">
            <h6 class="small text-white">The following fields are currently not in the view.</h6>
            <input type="text" class="o_web_studio_sidebar_search_input" autocomplete="studioAutocompleteOff" placeholder="Search..." t-model="state.searchValue" />
            <div class="o_web_studio_field_type_container o_web_studio_existing_fields">
                <t t-set="hasDescription" t-value="env.debug" />
                <t t-set="structure" t-value="'field'" />
                <t t-foreach="existingFields" t-as="component" t-key="component.name">
                    <t t-call="web_studio.ViewStructures.GenericComponent" />
                </t>
            </div>
        </div>
    </t>

    <t t-name="web_studio.ViewStructures.NewFields">
        <h3 class="text-white">New Fields</h3>
        <div class="o_web_studio_field_type_container o_web_studio_new_fields">
            <t t-set="hasDescription" t-value="env.debug" />
            <t t-set="structure" t-value="'field'" />
            <t t-foreach="newFieldsComponents" t-as="component" t-key="component.name">
                <t t-call="web_studio.ViewStructures.GenericComponent" />
            </t>
        </div>
    </t>
</templates>
