<?xml version="1.0" encoding="UTF-8"?>
<templates id="template" xml:space="preserve">
    <t t-name="pos_settle_due.PartnerLine" t-inherit="point_of_sale.PartnerLine" t-inherit-mode="extension">
        <xpath expr="//td[hasclass('partner-line-balance')]" position="inside">
            <div t-att-class="{'partner-credit-limit-reached': this.partnerInfos.overDue and this._isPartnerSelected and this.partnerInfos.creditLimit > 0}" class="partner-due pos-right-align">
                <span t-if="this.partnerInfos.totalDue > 0">Total due: <t t-esc="env.utils.formatCurrency(this.partnerInfos.totalDue)"/></span>
                <span t-if="this._isPartnerSelected and this.partnerInfos.useLimit">(with cart: <t t-esc="env.utils.formatCurrency(this.partnerInfos.totalWithCart)" />)</span>
                <span t-if="this.partnerInfos.useLimit">Credit limit: <t t-esc="env.utils.formatCurrency(this.partnerInfos.creditLimit)"/></span>
            </div>
        </xpath>
    </t>
 </templates>
