<?xml version="1.0" encoding="UTF-8"?>
<templates id="template" xml:space="preserve">
    <t t-name="point_of_sale.CustomerButton" t-inherit="point_of_sale.CustomerButton" t-inherit-mode="extension">
        <xpath expr="//div[hasclass('customer-button')]/i" position="replace">
            <i class="fa fa-warning" style="margin-left: 5px" t-if="partner and this.partnerInfos.overDue and this.partnerInfos.useLimit"/>
            <i class="fa fa-user me-1" role="img" aria-label="Customer" title="Customer" t-else="" />
        </xpath>
        <xpath expr="//div[hasclass('customer-button')]" position="attributes">
            <attribute name="t-att-class">{'partner-credit-limit-reached': partner and this.partnerInfos.overDue and this.partnerInfos.useLimit}</attribute>
        </xpath>
    </t>
 </templates>
